,Departure region,Rate of cancellation
0,Auvergne-Rhone-Alpes,0.0422675883562098
1,Bourgogne-Franche-Comte,0.032668024439918536
2,Bretagne,0.037101698768960925
3,Centre-Val de Loire,0.03579982619385744
4,Grand-Est,0.0324898134248338
5,Hauts-de-France,0.04445976461649936
6,Ile-de-France,0.03715457428904144
7,International,0.03288003958199019
8,Nouvelle-Aquitaine,0.04277513554990915
9,Occitanie,0.04627957806709113
10,PACA,0.03448806996770203
11,Pays de la Loire,0.03382703890298875
